filename,scan_id,center,modality,patient_id,patient_key,num_aneurysms,has_aneurysm,locations,split
topaneu_center1_mr_001_0000.nii.gz,topaneu_center1_mr_001,center1,mr,001,center1_mr_001,0,0,,train
topaneu_center1_mr_018_0000.nii.gz,topaneu_center1_mr_018,center1,mr,018,center1_mr_018,0,0,,train
topaneu_center1_mr_024_0000.nii.gz,topaneu_center1_mr_024,center1,mr,024,center1_mr_024,3,1,23;24;25,train
topaneu_center1_mr_029_0000.nii.gz,topaneu_center1_mr_029,center1,mr,029,center1_mr_029,0,0,,train
topaneu_center1_mr_033_0000.nii.gz,topaneu_center1_mr_033,center1,mr,033,center1_mr_033,1,1,25,train
topaneu_center1_mr_038_0000.nii.gz,topaneu_center1_mr_038,center1,mr,038,center1_mr_038,0,0,,train
topaneu_center1_mr_049_0000.nii.gz,topaneu_center1_mr_049,center1,mr,049,center1_mr_049,0,0,,train
topaneu_center1_mr_050_0000.nii.gz,topaneu_center1_mr_050,center1,mr,050,center1_mr_050,0,0,,train
topaneu_center1_mr_053_0000.nii.gz,topaneu_center1_mr_053,center1,mr,053,center1_mr_053,0,0,,train
topaneu_center1_mr_061_0000.nii.gz,topaneu_center1_mr_061,center1,mr,061,center1_mr_061,0,0,,train
topaneu_center1_mr_064_0000.nii.gz,topaneu_center1_mr_064,center1,mr,064,center1_mr_064,0,0,,train
topaneu_center1_mr_076_0000.nii.gz,topaneu_center1_mr_076,center1,mr,076,center1_mr_076,0,0,,train
topaneu_center1_mr_085_0000.nii.gz,topaneu_center1_mr_085,center1,mr,085,center1_mr_085,2,1,34;35,train
topaneu_center1_mr_088_0000.nii.gz,topaneu_center1_mr_088,center1,mr,088,center1_mr_088,0,0,,train
topaneu_center1_mr_113_0000.nii.gz,topaneu_center1_mr_113,center1,mr,113,center1_mr_113,1,1,36,train
topaneu_center1_mr_119_0000.nii.gz,topaneu_center1_mr_119,center1,mr,119,center1_mr_119,0,0,,train
topaneu_center1_mr_136_0000.nii.gz,topaneu_center1_mr_136,center1,mr,136,center1_mr_136,0,0,,train
topaneu_center1_mr_138_0000.nii.gz,topaneu_center1_mr_138,center1,mr,138,center1_mr_138,0,0,,train
topaneu_center1_mr_144_0000.nii.gz,topaneu_center1_mr_144,center1,mr,144,center1_mr_144,0,0,,train
topaneu_center1_mr_147_0000.nii.gz,topaneu_center1_mr_147,center1,mr,147,center1_mr_147,0,0,,train
topaneu_center1_mr_148_0000.nii.gz,topaneu_center1_mr_148,center1,mr,148,center1_mr_148,1,1,29,train
topaneu_center1_mr_149_0000.nii.gz,topaneu_center1_mr_149,center1,mr,149,center1_mr_149,0,0,,train
topaneu_center1_mr_177_0000.nii.gz,topaneu_center1_mr_177,center1,mr,177,center1_mr_177,1,1,39,train
topaneu_center1_mr_178_0000.nii.gz,topaneu_center1_mr_178,center1,mr,178,center1_mr_178,0,0,,train
topaneu_center1_mr_189_0000.nii.gz,topaneu_center1_mr_189,center1,mr,189,center1_mr_189,0,0,,train
topaneu_center1_mr_191_0000.nii.gz,topaneu_center1_mr_191,center1,mr,191,center1_mr_191,2,1,23;36,train
topaneu_center1_mr_195_0000.nii.gz,topaneu_center1_mr_195,center1,mr,195,center1_mr_195,0,0,,train
topaneu_center1_mr_200_0000.nii.gz,topaneu_center1_mr_200,center1,mr,200,center1_mr_200,2,1,7;19,train
topaneu_center1_mr_202_0000.nii.gz,topaneu_center1_mr_202,center1,mr,202,center1_mr_202,0,0,,train
topaneu_center1_mr_210_0000.nii.gz,topaneu_center1_mr_210,center1,mr,210,center1_mr_210,3,1,34;46;48,train
topaneu_center1_mr_211_0000.nii.gz,topaneu_center1_mr_211,center1,mr,211,center1_mr_211,0,0,,train
topaneu_center1_mr_213_0000.nii.gz,topaneu_center1_mr_213,center1,mr,213,center1_mr_213,0,0,,train
topaneu_center1_mr_229_0000.nii.gz,topaneu_center1_mr_229,center1,mr,229,center1_mr_229,0,0,,train
topaneu_center1_mr_241_0000.nii.gz,topaneu_center1_mr_241,center1,mr,241,center1_mr_241,0,0,,train
topaneu_center1_mr_251_0000.nii.gz,topaneu_center1_mr_251,center1,mr,251,center1_mr_251,1,1,23,train
topaneu_center1_mr_262_0000.nii.gz,topaneu_center1_mr_262,center1,mr,262,center1_mr_262,2,1,6;22,train
topaneu_center1_mr_264_0000.nii.gz,topaneu_center1_mr_264,center1,mr,264,center1_mr_264,1,1,48,train
topaneu_center1_mr_282_0000.nii.gz,topaneu_center1_mr_282,center1,mr,282,center1_mr_282,0,0,,train
topaneu_center1_mr_287_0000.nii.gz,topaneu_center1_mr_287,center1,mr,287,center1_mr_287,0,0,,train
topaneu_center1_mr_290_0000.nii.gz,topaneu_center1_mr_290,center1,mr,290,center1_mr_290,0,0,,train
topaneu_center1_mr_298_0000.nii.gz,topaneu_center1_mr_298,center1,mr,298,center1_mr_298,0,0,,train
topaneu_center1_mr_301_0000.nii.gz,topaneu_center1_mr_301,center1,mr,301,center1_mr_301,1,1,23,train
topaneu_center1_mr_302_0000.nii.gz,topaneu_center1_mr_302,center1,mr,302,center1_mr_302,1,1,36,train
topaneu_center1_mr_311_0000.nii.gz,topaneu_center1_mr_311,center1,mr,311,center1_mr_311,0,0,,train
topaneu_center1_mr_316_0000.nii.gz,topaneu_center1_mr_316,center1,mr,316,center1_mr_316,0,0,,train
topaneu_center1_mr_325_0000.nii.gz,topaneu_center1_mr_325,center1,mr,325,center1_mr_325,1,1,22,train
topaneu_center1_mr_327_0000.nii.gz,topaneu_center1_mr_327,center1,mr,327,center1_mr_327,0,0,,train
topaneu_center1_mr_334_0000.nii.gz,topaneu_center1_mr_334,center1,mr,334,center1_mr_334,0,0,,train
topaneu_center1_mr_336_0000.nii.gz,topaneu_center1_mr_336,center1,mr,336,center1_mr_336,1,1,36,train
topaneu_center1_mr_342_0000.nii.gz,topaneu_center1_mr_342,center1,mr,342,center1_mr_342,1,1,49,train
topaneu_center1_mr_349_0000.nii.gz,topaneu_center1_mr_349,center1,mr,349,center1_mr_349,0,0,,train
topaneu_center1_mr_350_0000.nii.gz,topaneu_center1_mr_350,center1,mr,350,center1_mr_350,0,0,,train
topaneu_center1_mr_364_0000.nii.gz,topaneu_center1_mr_364,center1,mr,364,center1_mr_364,1,1,26,train
topaneu_center1_mr_365_0000.nii.gz,topaneu_center1_mr_365,center1,mr,365,center1_mr_365,0,0,,train
topaneu_center1_mr_374_0000.nii.gz,topaneu_center1_mr_374,center1,mr,374,center1_mr_374,0,0,,train
topaneu_center1_mr_386_0000.nii.gz,topaneu_center1_mr_386,center1,mr,386,center1_mr_386,0,0,,train
topaneu_center1_mr_396_0000.nii.gz,topaneu_center1_mr_396,center1,mr,396,center1_mr_396,0,0,,train
topaneu_center1_mr_398_0000.nii.gz,topaneu_center1_mr_398,center1,mr,398,center1_mr_398,0,0,,train
topaneu_center1_mr_401_0000.nii.gz,topaneu_center1_mr_401,center1,mr,401,center1_mr_401,2,1,22;27,train
topaneu_center1_mr_411_0000.nii.gz,topaneu_center1_mr_411,center1,mr,411,center1_mr_411,1,1,27,train
topaneu_center1_mr_428_0000.nii.gz,topaneu_center1_mr_428,center1,mr,428,center1_mr_428,1,1,50,train
topaneu_center1_mr_436_0000.nii.gz,topaneu_center1_mr_436,center1,mr,436,center1_mr_436,0,0,,train
topaneu_center1_mr_463_0000.nii.gz,topaneu_center1_mr_463,center1,mr,463,center1_mr_463,0,0,,train
topaneu_center1_mr_477_0000.nii.gz,topaneu_center1_mr_477,center1,mr,477,center1_mr_477,0,0,,train
topaneu_center1_mr_483_0000.nii.gz,topaneu_center1_mr_483,center1,mr,483,center1_mr_483,0,0,,train
topaneu_center1_mr_489_0000.nii.gz,topaneu_center1_mr_489,center1,mr,489,center1_mr_489,1,1,36,train
topaneu_center1_mr_509_0000.nii.gz,topaneu_center1_mr_509,center1,mr,509,center1_mr_509,1,1,23,train
topaneu_center1_mr_516_0000.nii.gz,topaneu_center1_mr_516,center1,mr,516,center1_mr_516,2,1,22;49,train
topaneu_center1_mr_522_0000.nii.gz,topaneu_center1_mr_522,center1,mr,522,center1_mr_522,0,0,,train
topaneu_center1_mr_523_0000.nii.gz,topaneu_center1_mr_523,center1,mr,523,center1_mr_523,2,1,16;32,train
topaneu_center1_mr_527_0000.nii.gz,topaneu_center1_mr_527,center1,mr,527,center1_mr_527,1,1,23,train
topaneu_center1_mr_528_0000.nii.gz,topaneu_center1_mr_528,center1,mr,528,center1_mr_528,1,1,28,train
topaneu_center1_mr_554_0000.nii.gz,topaneu_center1_mr_554,center1,mr,554,center1_mr_554,0,0,,train
topaneu_center1_mr_560_0000.nii.gz,topaneu_center1_mr_560,center1,mr,560,center1_mr_560,1,1,22,train
topaneu_center1_mr_561_0000.nii.gz,topaneu_center1_mr_561,center1,mr,561,center1_mr_561,1,1,15,train
topaneu_center1_mr_585_0000.nii.gz,topaneu_center1_mr_585,center1,mr,585,center1_mr_585,1,1,11,train
topaneu_center1_mr_586_0000.nii.gz,topaneu_center1_mr_586,center1,mr,586,center1_mr_586,0,0,,train
topaneu_center1_mr_596_0000.nii.gz,topaneu_center1_mr_596,center1,mr,596,center1_mr_596,0,0,,train
topaneu_center1_mr_605_0000.nii.gz,topaneu_center1_mr_605,center1,mr,605,center1_mr_605,0,0,,train
topaneu_center1_mr_607_0000.nii.gz,topaneu_center1_mr_607,center1,mr,607,center1_mr_607,0,0,,train
topaneu_center1_mr_612_0000.nii.gz,topaneu_center1_mr_612,center1,mr,612,center1_mr_612,1,1,36,train
topaneu_center1_mr_614_0000.nii.gz,topaneu_center1_mr_614,center1,mr,614,center1_mr_614,0,0,,train
topaneu_center1_mr_615_0000.nii.gz,topaneu_center1_mr_615,center1,mr,615,center1_mr_615,0,0,,train
topaneu_center1_mr_625_0000.nii.gz,topaneu_center1_mr_625,center1,mr,625,center1_mr_625,2,1,35;49,train
topaneu_center1_mr_626_0000.nii.gz,topaneu_center1_mr_626,center1,mr,626,center1_mr_626,1,1,49,train
topaneu_center1_mr_630_0000.nii.gz,topaneu_center1_mr_630,center1,mr,630,center1_mr_630,1,1,36,train
topaneu_center1_mr_631_0000.nii.gz,topaneu_center1_mr_631,center1,mr,631,center1_mr_631,0,0,,train
topaneu_center1_mr_638_0000.nii.gz,topaneu_center1_mr_638,center1,mr,638,center1_mr_638,0,0,,train
topaneu_center1_mr_647_0000.nii.gz,topaneu_center1_mr_647,center1,mr,647,center1_mr_647,1,1,49,train
topaneu_center1_mr_653_0000.nii.gz,topaneu_center1_mr_653,center1,mr,653,center1_mr_653,0,0,,train
topaneu_center1_mr_664_0000.nii.gz,topaneu_center1_mr_664,center1,mr,664,center1_mr_664,1,1,22,train
topaneu_center1_mr_670_0000.nii.gz,topaneu_center1_mr_670,center1,mr,670,center1_mr_670,2,1,26;50,train
topaneu_center1_mr_681_0000.nii.gz,topaneu_center1_mr_681,center1,mr,681,center1_mr_681,1,1,35,train
topaneu_center1_mr_682_0000.nii.gz,topaneu_center1_mr_682,center1,mr,682,center1_mr_682,1,1,40,train
topaneu_center1_mr_694_0000.nii.gz,topaneu_center1_mr_694,center1,mr,694,center1_mr_694,1,1,34,train
topaneu_center1_mr_697_0000.nii.gz,topaneu_center1_mr_697,center1,mr,697,center1_mr_697,0,0,,train
topaneu_center1_mr_702_0000.nii.gz,topaneu_center1_mr_702,center1,mr,702,center1_mr_702,2,1,25;26,train
topaneu_center1_mr_713_0000.nii.gz,topaneu_center1_mr_713,center1,mr,713,center1_mr_713,0,0,,train
topaneu_center1_mr_720_0000.nii.gz,topaneu_center1_mr_720,center1,mr,720,center1_mr_720,1,1,23,train
topaneu_center1_mr_727_0000.nii.gz,topaneu_center1_mr_727,center1,mr,727,center1_mr_727,0,0,,train
topaneu_center1_mr_729_0000.nii.gz,topaneu_center1_mr_729,center1,mr,729,center1_mr_729,0,0,,train
topaneu_center1_mr_731_0000.nii.gz,topaneu_center1_mr_731,center1,mr,731,center1_mr_731,0,0,,train
topaneu_center1_mr_732_0000.nii.gz,topaneu_center1_mr_732,center1,mr,732,center1_mr_732,0,0,,train
topaneu_center1_mr_742_0000.nii.gz,topaneu_center1_mr_742,center1,mr,742,center1_mr_742,1,1,27,train
topaneu_center1_mr_760_0000.nii.gz,topaneu_center1_mr_760,center1,mr,760,center1_mr_760,0,0,,train
topaneu_center1_mr_763_0000.nii.gz,topaneu_center1_mr_763,center1,mr,763,center1_mr_763,0,0,,train
topaneu_center1_mr_765_0000.nii.gz,topaneu_center1_mr_765,center1,mr,765,center1_mr_765,1,1,27,train
topaneu_center1_mr_770_0000.nii.gz,topaneu_center1_mr_770,center1,mr,770,center1_mr_770,0,0,,train
topaneu_center1_mr_772_0000.nii.gz,topaneu_center1_mr_772,center1,mr,772,center1_mr_772,2,1,23;26,train
topaneu_center1_mr_774_0000.nii.gz,topaneu_center1_mr_774,center1,mr,774,center1_mr_774,1,1,30,train
topaneu_center1_mr_776_0000.nii.gz,topaneu_center1_mr_776,center1,mr,776,center1_mr_776,1,1,34,train
topaneu_center1_mr_789_0000.nii.gz,topaneu_center1_mr_789,center1,mr,789,center1_mr_789,1,1,28,train
topaneu_center1_mr_790_0000.nii.gz,topaneu_center1_mr_790,center1,mr,790,center1_mr_790,0,0,,train
topaneu_center1_mr_792_0000.nii.gz,topaneu_center1_mr_792,center1,mr,792,center1_mr_792,1,1,50,train
topaneu_center1_mr_797_0000.nii.gz,topaneu_center1_mr_797,center1,mr,797,center1_mr_797,0,0,,train
topaneu_center1_mr_804_0000.nii.gz,topaneu_center1_mr_804,center1,mr,804,center1_mr_804,1,1,50,train
topaneu_center1_mr_807_0000.nii.gz,topaneu_center1_mr_807,center1,mr,807,center1_mr_807,1,1,36,train
topaneu_center1_mr_810_0000.nii.gz,topaneu_center1_mr_810,center1,mr,810,center1_mr_810,1,1,50,train
topaneu_center1_mr_816_0000.nii.gz,topaneu_center1_mr_816,center1,mr,816,center1_mr_816,1,1,28,train
topaneu_center1_mr_819_0000.nii.gz,topaneu_center1_mr_819,center1,mr,819,center1_mr_819,0,0,,train
topaneu_center1_mr_823_0000.nii.gz,topaneu_center1_mr_823,center1,mr,823,center1_mr_823,0,0,,train
topaneu_center1_mr_842_0000.nii.gz,topaneu_center1_mr_842,center1,mr,842,center1_mr_842,1,1,49,train
topaneu_center1_mr_848_0000.nii.gz,topaneu_center1_mr_848,center1,mr,848,center1_mr_848,0,0,,train
topaneu_center1_mr_871_0000.nii.gz,topaneu_center1_mr_871,center1,mr,871,center1_mr_871,0,0,,train
topaneu_center1_mr_877_0000.nii.gz,topaneu_center1_mr_877,center1,mr,877,center1_mr_877,2,1,5;47,train
topaneu_center1_mr_891_0000.nii.gz,topaneu_center1_mr_891,center1,mr,891,center1_mr_891,0,0,,train
topaneu_center1_mr_892_0000.nii.gz,topaneu_center1_mr_892,center1,mr,892,center1_mr_892,1,1,37,train
topaneu_center1_mr_895_0000.nii.gz,topaneu_center1_mr_895,center1,mr,895,center1_mr_895,4,1,8;41;47;48,train
topaneu_center1_mr_902_0000.nii.gz,topaneu_center1_mr_902,center1,mr,902,center1_mr_902,0,0,,train
topaneu_center1_mr_909_0000.nii.gz,topaneu_center1_mr_909,center1,mr,909,center1_mr_909,1,1,27,train
topaneu_center1_mr_917_0000.nii.gz,topaneu_center1_mr_917,center1,mr,917,center1_mr_917,2,1,23;36,train
topaneu_center1_mr_920_0000.nii.gz,topaneu_center1_mr_920,center1,mr,920,center1_mr_920,0,0,,train
topaneu_center1_mr_924_0000.nii.gz,topaneu_center1_mr_924,center1,mr,924,center1_mr_924,0,0,,train
topaneu_center1_mr_926_0000.nii.gz,topaneu_center1_mr_926,center1,mr,926,center1_mr_926,1,1,23,train
topaneu_center1_mr_928_0000.nii.gz,topaneu_center1_mr_928,center1,mr,928,center1_mr_928,1,1,25,train
topaneu_center1_mr_939_0000.nii.gz,topaneu_center1_mr_939,center1,mr,939,center1_mr_939,0,0,,train
topaneu_center1_mr_942_0000.nii.gz,topaneu_center1_mr_942,center1,mr,942,center1_mr_942,0,0,,train
topaneu_center1_mr_959_0000.nii.gz,topaneu_center1_mr_959,center1,mr,959,center1_mr_959,0,0,,train
topaneu_center1_mr_975_0000.nii.gz,topaneu_center1_mr_975,center1,mr,975,center1_mr_975,1,1,26,train
topaneu_center2_ct_109_0000.nii.gz,topaneu_center2_ct_109,center2,ct,109,center2_ct_109,1,1,36,train
topaneu_center2_ct_112_0000.nii.gz,topaneu_center2_ct_112,center2,ct,112,center2_ct_112,1,1,49,train
topaneu_center2_ct_113_0000.nii.gz,topaneu_center2_ct_113,center2,ct,113,center2_ct_113,1,1,23,train
topaneu_center2_ct_118_0000.nii.gz,topaneu_center2_ct_118,center2,ct,118,center2_ct_118,2,1,36;47,train
topaneu_center2_ct_119_0000.nii.gz,topaneu_center2_ct_119,center2,ct,119,center2_ct_119,1,1,49,train
topaneu_center2_ct_120_0000.nii.gz,topaneu_center2_ct_120,center2,ct,120,center2_ct_120,1,1,51,train
topaneu_center2_ct_125_0000.nii.gz,topaneu_center2_ct_125,center2,ct,125,center2_ct_125,1,1,42,train
topaneu_center2_ct_126_0000.nii.gz,topaneu_center2_ct_126,center2,ct,126,center2_ct_126,2,1,49;50,train
topaneu_center2_ct_128_0000.nii.gz,topaneu_center2_ct_128,center2,ct,128,center2_ct_128,1,1,24,train
topaneu_center2_ct_130_0000.nii.gz,topaneu_center2_ct_130,center2,ct,130,center2_ct_130,2,1,28;34,train
topaneu_center2_ct_134_0000.nii.gz,topaneu_center2_ct_134,center2,ct,134,center2_ct_134,1,1,29,train
topaneu_center2_ct_137_0000.nii.gz,topaneu_center2_ct_137,center2,ct,137,center2_ct_137,1,1,17,train
topaneu_center2_ct_141_0000.nii.gz,topaneu_center2_ct_141,center2,ct,141,center2_ct_141,2,1,36;42,train
topaneu_center2_ct_142_0000.nii.gz,topaneu_center2_ct_142,center2,ct,142,center2_ct_142,1,1,49,train
topaneu_center2_ct_144_0000.nii.gz,topaneu_center2_ct_144,center2,ct,144,center2_ct_144,1,1,36,train
topaneu_center2_ct_147_0000.nii.gz,topaneu_center2_ct_147,center2,ct,147,center2_ct_147,1,1,36,train
topaneu_center2_ct_150_0000.nii.gz,topaneu_center2_ct_150,center2,ct,150,center2_ct_150,4,1,32;45;46;47,train
topaneu_center2_ct_156_0000.nii.gz,topaneu_center2_ct_156,center2,ct,156,center2_ct_156,1,1,7,train
topaneu_center2_ct_160_0000.nii.gz,topaneu_center2_ct_160,center2,ct,160,center2_ct_160,1,1,45,train
topaneu_center2_ct_161_0000.nii.gz,topaneu_center2_ct_161,center2,ct,161,center2_ct_161,1,1,36,train
topaneu_center2_ct_162_0000.nii.gz,topaneu_center2_ct_162,center2,ct,162,center2_ct_162,1,1,17,train
topaneu_center2_ct_164_0000.nii.gz,topaneu_center2_ct_164,center2,ct,164,center2_ct_164,1,1,38,train
topaneu_center2_ct_165_0000.nii.gz,topaneu_center2_ct_165,center2,ct,165,center2_ct_165,1,1,30,train
topaneu_center2_ct_166_0000.nii.gz,topaneu_center2_ct_166,center2,ct,166,center2_ct_166,2,1,17;24,train
topaneu_center2_ct_170_0000.nii.gz,topaneu_center2_ct_170,center2,ct,170,center2_ct_170,1,1,35,train
topaneu_center2_ct_171_0000.nii.gz,topaneu_center2_ct_171,center2,ct,171,center2_ct_171,1,1,47,train
topaneu_center2_ct_172_0000.nii.gz,topaneu_center2_ct_172,center2,ct,172,center2_ct_172,4,1,17;28;29;49,train
topaneu_center2_ct_174_0000.nii.gz,topaneu_center2_ct_174,center2,ct,174,center2_ct_174,2,1,28;30,train
topaneu_center2_ct_184_0000.nii.gz,topaneu_center2_ct_184,center2,ct,184,center2_ct_184,1,1,50,train
topaneu_center2_ct_190_0000.nii.gz,topaneu_center2_ct_190,center2,ct,190,center2_ct_190,1,1,49,train
topaneu_center2_ct_192_0000.nii.gz,topaneu_center2_ct_192,center2,ct,192,center2_ct_192,2,1,24;30,train
topaneu_center2_ct_196_0000.nii.gz,topaneu_center2_ct_196,center2,ct,196,center2_ct_196,2,1,36;49,train
topaneu_center2_ct_197_0000.nii.gz,topaneu_center2_ct_197,center2,ct,197,center2_ct_197,1,1,37,train
topaneu_center2_mr_004_0000.nii.gz,topaneu_center2_mr_004,center2,mr,004,center2_mr_004,2,1,17;49,train
topaneu_center2_mr_007_0000.nii.gz,topaneu_center2_mr_007,center2,mr,007,center2_mr_007,1,1,47,train
topaneu_center2_mr_010_0000.nii.gz,topaneu_center2_mr_010,center2,mr,010,center2_mr_010,1,1,26,train
topaneu_center2_mr_011_0000.nii.gz,topaneu_center2_mr_011,center2,mr,011,center2_mr_011,1,1,36,train
topaneu_center2_mr_012_0000.nii.gz,topaneu_center2_mr_012,center2,mr,012,center2_mr_012,2,1,22;47,train
topaneu_center2_mr_017_0000.nii.gz,topaneu_center2_mr_017,center2,mr,017,center2_mr_017,1,1,36,train
topaneu_center2_mr_018_0000.nii.gz,topaneu_center2_mr_018,center2,mr,018,center2_mr_018,1,1,36,train
topaneu_center2_mr_019_0000.nii.gz,topaneu_center2_mr_019,center2,mr,019,center2_mr_019,1,1,22,train
topaneu_center2_mr_025_0000.nii.gz,topaneu_center2_mr_025,center2,mr,025,center2_mr_025,1,1,49,train
topaneu_center2_mr_028_0000.nii.gz,topaneu_center2_mr_028,center2,mr,028,center2_mr_028,1,1,22,train
topaneu_center2_mr_029_0000.nii.gz,topaneu_center2_mr_029,center2,mr,029,center2_mr_029,1,1,24,train
topaneu_center2_mr_031_0000.nii.gz,topaneu_center2_mr_031,center2,mr,031,center2_mr_031,1,1,45,train
topaneu_center2_mr_032_0000.nii.gz,topaneu_center2_mr_032,center2,mr,032,center2_mr_032,2,1,47;49,train
topaneu_center2_mr_034_0000.nii.gz,topaneu_center2_mr_034,center2,mr,034,center2_mr_034,1,1,22,train
topaneu_center2_mr_044_0000.nii.gz,topaneu_center2_mr_044,center2,mr,044,center2_mr_044,1,1,34,train
topaneu_center2_mr_047_0000.nii.gz,topaneu_center2_mr_047,center2,mr,047,center2_mr_047,1,1,49,train
topaneu_center2_mr_048_0000.nii.gz,topaneu_center2_mr_048,center2,mr,048,center2_mr_048,1,1,49,train
topaneu_center2_mr_049_0000.nii.gz,topaneu_center2_mr_049,center2,mr,049,center2_mr_049,1,1,49,train
topaneu_center2_mr_051_0000.nii.gz,topaneu_center2_mr_051,center2,mr,051,center2_mr_051,1,1,50,train
topaneu_center2_mr_054_0000.nii.gz,topaneu_center2_mr_054,center2,mr,054,center2_mr_054,1,1,36,train
topaneu_center2_mr_056_0000.nii.gz,topaneu_center2_mr_056,center2,mr,056,center2_mr_056,1,1,49,train
topaneu_center2_mr_057_0000.nii.gz,topaneu_center2_mr_057,center2,mr,057,center2_mr_057,1,1,25,train
topaneu_center2_mr_077_0000.nii.gz,topaneu_center2_mr_077,center2,mr,077,center2_mr_077,2,1,29;31,train
topaneu_center2_mr_079_0000.nii.gz,topaneu_center2_mr_079,center2,mr,079,center2_mr_079,1,1,49,train
topaneu_center2_mr_080_0000.nii.gz,topaneu_center2_mr_080,center2,mr,080,center2_mr_080,4,1,17;41;49;50,train
topaneu_center2_mr_083_0000.nii.gz,topaneu_center2_mr_083,center2,mr,083,center2_mr_083,3,1,23;25;26,train
topaneu_center2_mr_085_0000.nii.gz,topaneu_center2_mr_085,center2,mr,085,center2_mr_085,4,1,6;19;31;49,train
topaneu_center2_mr_086_0000.nii.gz,topaneu_center2_mr_086,center2,mr,086,center2_mr_086,2,1,22;26,train
topaneu_center4_ct_002_0000.nii.gz,topaneu_center4_ct_002,center4,ct,002,center4_ct_002,3,1,27;29;50,train
topaneu_center4_ct_008_1_0000.nii.gz,topaneu_center4_ct_008_1,center4,ct,008,center4_ct_008,1,1,47,train
topaneu_center4_ct_008_2_0000.nii.gz,topaneu_center4_ct_008_2,center4,ct,008,center4_ct_008,1,1,47,train
topaneu_center4_ct_009_0000.nii.gz,topaneu_center4_ct_009,center4,ct,009,center4_ct_009,1,1,48,train
topaneu_center4_ct_012_0000.nii.gz,topaneu_center4_ct_012,center4,ct,012,center4_ct_012,1,1,36,train
topaneu_center4_ct_019_0000.nii.gz,topaneu_center4_ct_019,center4,ct,019,center4_ct_019,1,1,29,train
topaneu_center4_ct_020_1_0000.nii.gz,topaneu_center4_ct_020_1,center4,ct,020,center4_ct_020,1,1,36,train
topaneu_center4_ct_020_2_0000.nii.gz,topaneu_center4_ct_020_2,center4,ct,020,center4_ct_020,1,1,36,train
topaneu_center4_ct_020_3_0000.nii.gz,topaneu_center4_ct_020_3,center4,ct,020,center4_ct_020,1,1,36,train
topaneu_center4_ct_025_1_0000.nii.gz,topaneu_center4_ct_025_1,center4,ct,025,center4_ct_025,1,1,49,train
topaneu_center4_ct_025_2_0000.nii.gz,topaneu_center4_ct_025_2,center4,ct,025,center4_ct_025,2,1,49;50,train
topaneu_center4_ct_030_0000.nii.gz,topaneu_center4_ct_030,center4,ct,030,center4_ct_030,1,1,36,train
topaneu_center4_ct_034_1_0000.nii.gz,topaneu_center4_ct_034_1,center4,ct,034,center4_ct_034,1,1,28,train
topaneu_center4_ct_034_2_0000.nii.gz,topaneu_center4_ct_034_2,center4,ct,034,center4_ct_034,1,1,28,train
topaneu_center4_ct_037_0000.nii.gz,topaneu_center4_ct_037,center4,ct,037,center4_ct_037,1,1,36,train
topaneu_center4_ct_041_0000.nii.gz,topaneu_center4_ct_041,center4,ct,041,center4_ct_041,1,1,28,train
topaneu_center4_ct_042_1_0000.nii.gz,topaneu_center4_ct_042_1,center4,ct,042,center4_ct_042,1,1,50,train
topaneu_center4_ct_042_2_0000.nii.gz,topaneu_center4_ct_042_2,center4,ct,042,center4_ct_042,2,1,47;50,train
topaneu_center4_ct_045_0000.nii.gz,topaneu_center4_ct_045,center4,ct,045,center4_ct_045,1,1,27,train
topaneu_center4_ct_048_0000.nii.gz,topaneu_center4_ct_048,center4,ct,048,center4_ct_048,1,1,50,train
topaneu_center4_ct_055_0000.nii.gz,topaneu_center4_ct_055,center4,ct,055,center4_ct_055,1,1,5,train
topaneu_center4_ct_059_0000.nii.gz,topaneu_center4_ct_059,center4,ct,059,center4_ct_059,2,1,30;32,train
topaneu_center4_ct_060_0000.nii.gz,topaneu_center4_ct_060,center4,ct,060,center4_ct_060,2,1,17;36,train
topaneu_center4_ct_062_1_0000.nii.gz,topaneu_center4_ct_062_1,center4,ct,062,center4_ct_062,2,1,49;50,train
topaneu_center4_ct_062_2_0000.nii.gz,topaneu_center4_ct_062_2,center4,ct,062,center4_ct_062,1,1,49,train
topaneu_center4_ct_063_0000.nii.gz,topaneu_center4_ct_063,center4,ct,063,center4_ct_063,1,1,29,train
topaneu_center4_ct_065_0000.nii.gz,topaneu_center4_ct_065,center4,ct,065,center4_ct_065,1,1,49,train
topaneu_center4_ct_067_0000.nii.gz,topaneu_center4_ct_067,center4,ct,067,center4_ct_067,1,1,36,train
topaneu_center4_ct_070_0000.nii.gz,topaneu_center4_ct_070,center4,ct,070,center4_ct_070,1,1,36,train
topaneu_center4_ct_074_0000.nii.gz,topaneu_center4_ct_074,center4,ct,074,center4_ct_074,2,1,27;29,train
topaneu_center4_ct_083_0000.nii.gz,topaneu_center4_ct_083,center4,ct,083,center4_ct_083,4,1,16;30;31;35,train
topaneu_center4_ct_087_0000.nii.gz,topaneu_center4_ct_087,center4,ct,087,center4_ct_087,1,1,36,train
topaneu_center4_ct_093_0000.nii.gz,topaneu_center4_ct_093,center4,ct,093,center4_ct_093,1,1,17,train
topaneu_center4_ct_094_0000.nii.gz,topaneu_center4_ct_094,center4,ct,094,center4_ct_094,1,1,49,train
topaneu_center4_ct_102_0000.nii.gz,topaneu_center4_ct_102,center4,ct,102,center4_ct_102,2,1,43;44,train
topaneu_center4_ct_104_0000.nii.gz,topaneu_center4_ct_104,center4,ct,104,center4_ct_104,2,1,23;33,train
topaneu_center4_ct_106_0000.nii.gz,topaneu_center4_ct_106,center4,ct,106,center4_ct_106,1,1,36,train
topaneu_center4_ct_107_0000.nii.gz,topaneu_center4_ct_107,center4,ct,107,center4_ct_107,1,1,48,train
topaneu_center4_ct_115_0000.nii.gz,topaneu_center4_ct_115,center4,ct,115,center4_ct_115,1,1,28,train
topaneu_center4_ct_116_0000.nii.gz,topaneu_center4_ct_116,center4,ct,116,center4_ct_116,1,1,33,train
topaneu_center4_ct_134_0000.nii.gz,topaneu_center4_ct_134,center4,ct,134,center4_ct_134,2,1,29;31,train
topaneu_center4_ct_140_0000.nii.gz,topaneu_center4_ct_140,center4,ct,140,center4_ct_140,1,1,23,train
topaneu_center4_ct_193_0000.nii.gz,topaneu_center4_ct_193,center4,ct,193,center4_ct_193,1,1,32,train
topaneu_center4_ct_200_0000.nii.gz,topaneu_center4_ct_200,center4,ct,200,center4_ct_200,1,1,4,train
topaneu_center4_ct_201_0000.nii.gz,topaneu_center4_ct_201,center4,ct,201,center4_ct_201,1,1,1,train
topaneu_center5_mr_007_0000.nii.gz,topaneu_center5_mr_007,center5,mr,007,center5_mr_007,1,1,8,train
topaneu_center5_mr_009_0000.nii.gz,topaneu_center5_mr_009,center5,mr,009,center5_mr_009,1,1,7,train
topaneu_center5_mr_011_0000.nii.gz,topaneu_center5_mr_011,center5,mr,011,center5_mr_011,1,1,7,train
topaneu_center5_mr_015_0000.nii.gz,topaneu_center5_mr_015,center5,mr,015,center5_mr_015,1,1,2,train
topaneu_center5_mr_021_0000.nii.gz,topaneu_center5_mr_021,center5,mr,021,center5_mr_021,1,1,2,train
topaneu_center5_mr_022_0000.nii.gz,topaneu_center5_mr_022,center5,mr,022,center5_mr_022,1,1,7,train
topaneu_center5_mr_023_0000.nii.gz,topaneu_center5_mr_023,center5,mr,023,center5_mr_023,1,1,8,train
topaneu_center5_mr_024_0000.nii.gz,topaneu_center5_mr_024,center5,mr,024,center5_mr_024,1,1,7,train
topaneu_center5_mr_025_0000.nii.gz,topaneu_center5_mr_025,center5,mr,025,center5_mr_025,1,1,2,train
topaneu_center5_mr_027_0000.nii.gz,topaneu_center5_mr_027,center5,mr,027,center5_mr_027,1,1,1,train
topaneu_center5_mr_028_0000.nii.gz,topaneu_center5_mr_028,center5,mr,028,center5_mr_028,1,1,2,train
topaneu_center5_mr_029_0000.nii.gz,topaneu_center5_mr_029,center5,mr,029,center5_mr_029,1,1,2,train
topaneu_center5_mr_030_0000.nii.gz,topaneu_center5_mr_030,center5,mr,030,center5_mr_030,1,1,2,train
topaneu_center5_mr_031_0000.nii.gz,topaneu_center5_mr_031,center5,mr,031,center5_mr_031,1,1,1,train
topaneu_center5_mr_032_0000.nii.gz,topaneu_center5_mr_032,center5,mr,032,center5_mr_032,1,1,1,train
topaneu_center5_mr_034_0000.nii.gz,topaneu_center5_mr_034,center5,mr,034,center5_mr_034,1,1,2,train
topaneu_center5_mr_036_0000.nii.gz,topaneu_center5_mr_036,center5,mr,036,center5_mr_036,1,1,7,train
topaneu_center5_mr_038_0000.nii.gz,topaneu_center5_mr_038,center5,mr,038,center5_mr_038,1,1,1,train
topaneu_center5_mr_061_0000.nii.gz,topaneu_center5_mr_061,center5,mr,061,center5_mr_061,4,1,17;22;23;49,train
topaneu_center5_mr_063_0000.nii.gz,topaneu_center5_mr_063,center5,mr,063,center5_mr_063,1,1,39,train
topaneu_center5_mr_068_0000.nii.gz,topaneu_center5_mr_068,center5,mr,068,center5_mr_068,1,1,2,train
topaneu_center5_mr_079_0000.nii.gz,topaneu_center5_mr_079,center5,mr,079,center5_mr_079,1,1,7,train
topaneu_center5_mr_452_0000.nii.gz,topaneu_center5_mr_452,center5,mr,452,center5_mr_452,1,1,41,train
topaneu_center5_mr_454_0000.nii.gz,topaneu_center5_mr_454,center5,mr,454,center5_mr_454,1,1,39,train
topaneu_center5_mr_457_0000.nii.gz,topaneu_center5_mr_457,center5,mr,457,center5_mr_457,2,1,37;49,train
topaneu_center5_mr_458_0000.nii.gz,topaneu_center5_mr_458,center5,mr,458,center5_mr_458,2,1,17;22,train
topaneu_center5_mr_459_0000.nii.gz,topaneu_center5_mr_459,center5,mr,459,center5_mr_459,1,1,23,train
topaneu_center5_mr_460_0000.nii.gz,topaneu_center5_mr_460,center5,mr,460,center5_mr_460,1,1,33,train
topaneu_center5_mr_462_0000.nii.gz,topaneu_center5_mr_462,center5,mr,462,center5_mr_462,1,1,7,train
topaneu_center5_mr_464_0000.nii.gz,topaneu_center5_mr_464,center5,mr,464,center5_mr_464,2,1,41;42,train
topaneu_center5_mr_465_0000.nii.gz,topaneu_center5_mr_465,center5,mr,465,center5_mr_465,1,1,25,train
topaneu_center5_mr_467_0000.nii.gz,topaneu_center5_mr_467,center5,mr,467,center5_mr_467,1,1,36,train
topaneu_center5_mr_469_0000.nii.gz,topaneu_center5_mr_469,center5,mr,469,center5_mr_469,1,1,27,train
topaneu_center5_mr_471_0000.nii.gz,topaneu_center5_mr_471,center5,mr,471,center5_mr_471,1,1,50,train
topaneu_center5_mr_472_0000.nii.gz,topaneu_center5_mr_472,center5,mr,472,center5_mr_472,1,1,23,train
topaneu_center5_mr_475_0000.nii.gz,topaneu_center5_mr_475,center5,mr,475,center5_mr_475,1,1,49,train
topaneu_center5_mr_476_0000.nii.gz,topaneu_center5_mr_476,center5,mr,476,center5_mr_476,1,1,27,train
topaneu_center5_mr_478_0000.nii.gz,topaneu_center5_mr_478,center5,mr,478,center5_mr_478,1,1,2,train
topaneu_center5_mr_479_0000.nii.gz,topaneu_center5_mr_479,center5,mr,479,center5_mr_479,1,1,50,train
topaneu_center5_mr_481_0000.nii.gz,topaneu_center5_mr_481,center5,mr,481,center5_mr_481,2,1,26;33,train
topaneu_center5_mr_484_0000.nii.gz,topaneu_center5_mr_484,center5,mr,484,center5_mr_484,1,1,38,train
topaneu_center5_mr_485_0000.nii.gz,topaneu_center5_mr_485,center5,mr,485,center5_mr_485,1,1,36,train
topaneu_center5_mr_486_0000.nii.gz,topaneu_center5_mr_486,center5,mr,486,center5_mr_486,2,1,33;49,train
topaneu_center5_mr_487_0000.nii.gz,topaneu_center5_mr_487,center5,mr,487,center5_mr_487,2,1,22;34,train
topaneu_center5_mr_488_0000.nii.gz,topaneu_center5_mr_488,center5,mr,488,center5_mr_488,1,1,38,train
topaneu_center5_mr_489_0000.nii.gz,topaneu_center5_mr_489,center5,mr,489,center5_mr_489,1,1,41,train
topaneu_center5_mr_490_0000.nii.gz,topaneu_center5_mr_490,center5,mr,490,center5_mr_490,1,1,49,train
topaneu_center5_mr_491_0000.nii.gz,topaneu_center5_mr_491,center5,mr,491,center5_mr_491,1,1,49,train
